weekday,view,addtocart,transaction,unique_users,view_to_cart_pct,cart_to_purchase_pct,view_to_purchase_pct,views_per_user,carts_per_user,purchases_per_user
Monday,424575,11315,3848,261413,2.67,34.01,0.91,1.62,0.04,0.01
Tuesday,431505,11528,3973,264512,2.67,34.46,0.92,1.63,0.04,0.02
Wednesday,415570,11338,4151,255489,2.73,36.61,1.0,1.63,0.04,0.02
Thursday,404047,10875,3750,248930,2.69,34.48,0.93,1.62,0.04,0.02
Friday,367203,9492,2929,228661,2.58,30.86,0.8,1.61,0.04,0.01
Saturday,296447,6909,1811,187147,2.33,26.21,0.61,1.58,0.04,0.01
Sunday,324871,7509,1995,203382,2.31,26.57,0.61,1.6,0.04,0.01
